player_name,player_slug,player_id,team_name,team_slug,league
Courtois Thibaut,courtois-thibaut,MVExOq3n,Real Madrid,real-madrid,la_liga
Alaba David,alaba-david,hKx3nCTp,Real Madrid,real-madrid,la_liga
Alexander-Arnold Trent,alexander-arnold-trent,CEVJy6Bc,Real Madrid,real-madrid,la_liga
Asencio Raul,asencio-raul,rPco96rl,Real Madrid,real-madrid,la_liga
Carreras Alvaro,carreras-alvaro,ALGEzlma,Real Madrid,real-madrid,la_liga
Carvajal Daniel,carvajal-daniel,rZh5FTHE,Real Madrid,real-madrid,la_liga
Eder Militao,eder-militao,zX2Rm9YG,Real Madrid,real-madrid,la_liga
Garcia Fran,fran-garcia,tURBbW9S,Real Madrid,real-madrid,la_liga
Huijsen Dean,huijsen-dean,2V3qUZAd,Real Madrid,real-madrid,la_liga
Jimenez David,jimenez-david,6VlzPhd1,Real Madrid,real-madrid,la_liga
Mendy Ferland,mendy-ferland,KnytnSKl,Real Madrid,real-madrid,la_liga
Rudiger Antonio,rudiger-antonio,rZHXvTho,Real Madrid,real-madrid,la_liga
Valdepenas Victor,victor-valdepenas,vqc9f0mJ,Real Madrid,real-madrid,la_liga
Bellingham Jude,bellingham-jude,QNvlPm7s,Real Madrid,real-madrid,la_liga
Camavinga Eduardo,camavinga-eduardo,6ekYsPfO,Real Madrid,real-madrid,la_liga
Ceballos Dani,ceballos-dani,zPYmze7F,Real Madrid,real-madrid,la_liga
Cestero Sancho Jorge,cestero-sancho-jorge,YmPHScjk,Real Madrid,real-madrid,la_liga
Diaz Brahim,diaz-brahim,nm2Qvnyk,Real Madrid,real-madrid,la_liga
Guler Arda,guler-arda,CUU9qDpb,Real Madrid,real-madrid,la_liga
Tchouameni Aurelien,tchouameni-aurelien,QkiZum3e,Real Madrid,real-madrid,la_liga
Valverde Federico,valverde-federico,nscfER6B,Real Madrid,real-madrid,la_liga
Garcia Gonzalo,garcia-gonzalo,pWxyEyDA,Real Madrid,real-madrid,la_liga
Mastantuono Franco,mastantuono-franco,tpBPaidM,Real Madrid,real-madrid,la_liga
Mbappe Kylian,mbappe-kylian,Wn6E2SED,Real Madrid,real-madrid,la_liga
Rodrygo,rodrygo,zPUyR5Up,Real Madrid,real-madrid,la_liga
Vinicius Junior,vinicius-junior,CbwQ4Mws,Real Madrid,real-madrid,la_liga
Arbeloa Alvaro,arbeloa-alvaro,CO9bjrLo,Real Madrid,real-madrid,la_liga
Lunin Andriy,lunin-andriy,0S7ye9jr,Real Madrid,real-madrid,la_liga
Moran Ibanez Manuel Angel,moran-manuel-angel,67fjsJDM,Real Madrid,real-madrid,la_liga
Palacios Cesar,perez-cesar,8d2U9MPp,Real Madrid,real-madrid,la_liga
Pitarch Thiago,pitarch-pinar-thiago,GQciGBE5,Real Madrid,real-madrid,la_liga
Fran,perez-francisco-javier-gonzalez,Is0aEgM6,Real Madrid,real-madrid,la_liga
Mestre Sergio,mestre-sergio,0pOTEfAe,Real Madrid,real-madrid,la_liga
Navarro Jimenez Javier,navarro-jimenez-javier,QJTYO50T,Real Madrid,real-madrid,la_liga
Aguado Diego,aguado-facio-diego,fuqfyKfc,Real Madrid,real-madrid,la_liga
Martinez Joan,martinez-joan,MgVkWvVa,Real Madrid,real-madrid,la_liga
Fortuny Pol,fortuny-pol,vyNXDEP1,Real Madrid,real-madrid,la_liga
Arnuncio Adrian,arnun-adrian,ET782Esj,Real Madrid,real-madrid,la_liga
Leiva Alvaro,leiva-alvaro,KdNEDllH,Real Madrid,real-madrid,la_liga
Garcia Joan,garcia-joan,vuAlEqes,Barcelona,barcelona,la_liga
Szczesny Wojciech,szczesny-wojciech,6NtwHZ7F,Barcelona,barcelona,la_liga
Araujo Ronald,araujo-ronald,M3sbJix9,Barcelona,barcelona,la_liga
Balde Alejandro,balde-alejandro,6c0CXHVM,Barcelona,barcelona,la_liga
Cancelo Joao,cancelo-joao,dAyeWYpm,Barcelona,barcelona,la_liga
Christensen Andreas,christensen-andreas,ShxiZhJI,Barcelona,barcelona,la_liga
Cubarsi Pau,cubarsi-pau,UgTrNwCF,Barcelona,barcelona,la_liga
Garcia Eric,garcia-eric,AyxD3I5C,Barcelona,barcelona,la_liga
Kounde Jules,kounde-jules,v36QVRPu,Barcelona,barcelona,la_liga
Martin Gerard,martin-gerard,nBVu0v9a,Barcelona,barcelona,la_liga
Torrents Jofre,torrents-jofre,S4LQUJ92,Barcelona,barcelona,la_liga
Bernal Marc,bernal-marc,pf3IOiFD,Barcelona,barcelona,la_liga
Casado Marc,casado-marc,tAhLmeJb,Barcelona,barcelona,la_liga
Fermín,fermin,2c2ipETG,Barcelona,barcelona,la_liga
Marques Tommy,marques-tomas,6Do8lKsP,Barcelona,barcelona,la_liga
Olmo Dani,olmo-dani,2oVBOlPg,Barcelona,barcelona,la_liga
Pedri,pedri,baBG8QuI,Barcelona,barcelona,la_liga
de Jong Frenkie,de-jong-frenkie,A1F3rz9c,Barcelona,barcelona,la_liga
Bardghji Roony,bardagji-roony,YgzDTaqN,Barcelona,barcelona,la_liga
Fernandez Toni,fernandez-toni,lIEg6WRr,Barcelona,barcelona,la_liga
Lamine Yamal,lamine-yamal,lAt3vEub,Barcelona,barcelona,la_liga
Lewandowski Robert,lewandowski-robert,MVC8zHZD,Barcelona,barcelona,la_liga
Raphinha,raphinha,xtBsDPam,Barcelona,barcelona,la_liga
Rashford Marcus,rashford-marcus,COnT2Lh0,Barcelona,barcelona,la_liga
Torres Ferran,torres-ferran,AVAVLaLt,Barcelona,barcelona,la_liga
Flick Hansi,flick-hans-dieter,OjfahOtr,Barcelona,barcelona,la_liga
Aller Eder,aller-eder,EafOGkUN,Barcelona,barcelona,la_liga
Kochen Diego,kochen-diego,8vu9Yb2n,Barcelona,barcelona,la_liga
Espart Xavi,espart-xavi,WKtYvkb7,Barcelona,barcelona,la_liga
Onstein Juwensley,onstein-juwensley,xpYAyq4H,Barcelona,barcelona,la_liga
Pacifico Patricio,pacifico-patricio,82HpaXPH,Barcelona,barcelona,la_liga
Hernandez Juan,hernandez-juan,vuXslbtL,Barcelona,barcelona,la_liga
Musso Juan,musso-juan,zB5O8dXn,Atletico Madrid,atl-madrid,la_liga
Oblak Jan,oblak-jan,SYy8ZHN9,Atletico Madrid,atl-madrid,la_liga
Gimenez Jose Maria,gimenez-jose,IgRLzKhM,Atletico Madrid,atl-madrid,la_liga
Hancko David,hancko-david,zRTnwHe5,Atletico Madrid,atl-madrid,la_liga
Le Normand Robin,le-normand-robin,8GVQFgH4,Atletico Madrid,atl-madrid,la_liga
Lenglet Clement,lenglet-clement,rH0mL7ws,Atletico Madrid,atl-madrid,la_liga
Llorente Marcos,llorente-marcos,z3D5zvbD,Atletico Madrid,atl-madrid,la_liga
Molina Nahuel,molina-nahuel,M3TzoLot,Atletico Madrid,atl-madrid,la_liga
Pubill Marc,pubill-pages-marc,8EZ7QILP,Atletico Madrid,atl-madrid,la_liga
Ruggeri Matteo,ruggeri-matteo,0WPEP3LT,Atletico Madrid,atl-madrid,la_liga
Barrios Pablo,barrios-pablo,AaZiGJ9E,Atletico Madrid,atl-madrid,la_liga
Cardoso Johnny,johnny-cardoso,v5Xtt1xa,Atletico Madrid,atl-madrid,la_liga
Koke,koke,v9hLv1xJ,Atletico Madrid,atl-madrid,la_liga
Mendoza Rodrigo,mendoza-rodrigo,YNiXFzek,Atletico Madrid,atl-madrid,la_liga
Monserrate Jano,monserrate-jano,CUbLtjko,Atletico Madrid,atl-madrid,la_liga
Vargas Obed,vaargas-obed,YVRnyYz4,Atletico Madrid,atl-madrid,la_liga
Almada Thiago,almada-thiago,CSKGShgi,Atletico Madrid,atl-madrid,la_liga
Alvarez Julian,alvarez-julian,bBHauDIC,Atletico Madrid,atl-madrid,la_liga
Baena Alex,baena-alex,bmeQTB92,Atletico Madrid,atl-madrid,la_liga
Gonzalez Nicolas,gonzalez-nicolas-ivan,filNjPIq,Atletico Madrid,atl-madrid,la_liga
Griezmann Antoine,griezmann-antoine,OxCa1jdT,Atletico Madrid,atl-madrid,la_liga
Lookman Ademola,lookman-ademola,8QK1SO5g,Atletico Madrid,atl-madrid,la_liga
Simeone Giuliano,simeone-giuliano,IJTJu41i,Atletico Madrid,atl-madrid,la_liga
Sorloth Alexander,sorloth-alexander,QwqgNkTP,Atletico Madrid,atl-madrid,la_liga
Simeone Diego,simeone-diego,AZ18LjKN,Atletico Madrid,atl-madrid,la_liga
Vivas Nelson,vivas-nelson,z5NOf2MN,Atletico Madrid,atl-madrid,la_liga
Esquivel Salvi,esquivel-salvi,EFKT4ijH,Atletico Madrid,atl-madrid,la_liga
de Luis Mario,de-luis-mario,8jFlG2pA,Atletico Madrid,atl-madrid,la_liga
Bonar Javier,bonar-javier,CAvwpzCL,Atletico Madrid,atl-madrid,la_liga
Diaz Julio,diaz-julio,I5QjPyym,Atletico Madrid,atl-madrid,la_liga
Kostis Ilias,kostis-ilias,QTc0qeb2,Atletico Madrid,atl-madrid,la_liga
Martinez Dani,martinez-daniel,6JSlzy9n,Atletico Madrid,atl-madrid,la_liga
Puric Aleksa,puric-aleksa,pxnL1kvb,Atletico Madrid,atl-madrid,la_liga
Seidu Taufik,taufik-seidu,QyqjfgRE,Atletico Madrid,atl-madrid,la_liga
Serrano Javi,serrano-javier,8CCR7W2Q,Atletico Madrid,atl-madrid,la_liga
Belaid Rayane,belaid-rayane,nmTdpwec,Atletico Madrid,atl-madrid,la_liga
Esteban Sergio,esteban-sergio,zFzLdz6k,Atletico Madrid,atl-madrid,la_liga
Luque Iker,luque-iker,8ObCGQ0H,Atletico Madrid,atl-madrid,la_liga
